Timestamp,course,motivation_required_class,motivation_current_skills,motivation_career_advancement,motivation_career_change,motivation_professional_development,motivation_job_displacement,motivation_relocation,motivation_certificate,motivation_financial,motivation_personal_enrichment,motivation_curiosity,impact_hs_computing_class,impact_hs_club,impact_competition,impact_after_school_camp,impact_summer_camp,impact_ap_class,impact_dual_enrollment,impact_family_friend_influence,impact_family_friend_work,impact_hs_teacher,impact_employer,heard_website,heard_billboard,heard_tv,heard_radio,heard_social_media,heard_community_event,heard_family_friend,heard_employer,heard_current_student,heard_alumni,heard_hs,gender,age
2024/09/10 10:47:35 AM AST,CMP 126 Computer Technology and Applications,No,Yes,Yes,Yes,Yes,No,No,No,Yes,Yes,Yes,No Impact,No Impact,High Impact,N/A,N/A,N/A,N/A,Some Impact,N/A,High Impact,N/A,No,No,No,No,No,Yes,Yes,No,Yes,Yes,Yes,Prefer not to say,19-20
2024/09/10 11:00:05 AM AST,CMP 126 Computer Technology and Applications,Yes,Yes,Yes,No,Yes,Yes,No,No,Yes,Yes,Yes,Some Impact,Some Impact,Some Impact,Some Impact,Some Impact,Some Impact,Some Impact,Some Impact,Some Impact,Some Impact,Some Impact,Yes,No,No,No,Yes,No,Yes,No,Yes,No,No,Woman,19-20
2024/09/10 11:02:51 AM AST,CMP 126 Computer Technology and Applications,Yes,Yes,Yes,Yes,Yes,Yes,Yes,No,Yes,No,No,N/A,N/A,No Impact,N/A,N/A,N/A,N/A,N/A,N/A,N/A,N/A,Yes,No,No,No,No,No,No,No,No,No,No,Man,18 and younger
2024/09/10 11:05:25 AM AST,CMP 126 Computer Technology and Applications,No,Yes,No,No,No,No,No,No,No,No,No,No Impact,No Impact,No Impact,No Impact,No Impact,No Impact,No Impact,No Impact,No Impact,No Impact,No Impact,No,No,No,No,No,No,Yes,No,Yes,Yes,Yes,Man,19-20
2024/09/10 8:37:36 PM AST,CMP 101 Computer Information Literacy,Yes,Yes,Yes,No,Yes,No,No,No,No,Yes,Yes,Some Impact,No Impact,N/A,N/A,N/A,N/A,N/A,Some Impact,N/A,N/A,Some Impact,Yes,Yes,Yes,No,Yes,Yes,Yes,Yes,Yes,Yes,Yes,Woman,19-20
2024/09/10 9:29:27 PM AST,CMP 101 Computer Information Literacy,Yes,Yes,No,No,No,No,No,No,Yes,Yes,Yes,Some Impact,Some Impact,High Impact,High Impact,Some Impact,Some Impact,Some Impact,High Impact,Some Impact,Some Impact,High Impact,Yes,No,No,No,Yes,No,Yes,No,Yes,No,Yes,Woman,19-20
2024/09/10 10:52:37 PM AST,CMP 101 Computer Information Literacy,No,Yes,Yes,No,Yes,No,No,No,No,Yes,Yes,No Impact,No Impact,No Impact,No Impact,No Impact,No Impact,No Impact,High Impact,Some Impact,No Impact,No Impact,No,No,No,No,No,No,Yes,No,No,No,Yes,Woman,19-20
2024/09/11 10:54:10 AM AST,CMP 101 Computer Information Literacy,Yes,Yes,Yes,No,Yes,No,No,No,No,No,No,No Impact,No Impact,No Impact,No Impact,No Impact,No Impact,No Impact,No Impact,No Impact,High Impact,Some Impact,Yes,No,No,No,No,No,Yes,No,Yes,No,No,Woman,18 and younger
2024/09/11 12:40:52 PM AST,CMP 126 Computer Technology and Applications,Yes,No,No,No,No,No,No,No,No,No,No,No Impact,No Impact,No Impact,No Impact,No Impact,No Impact,No Impact,No Impact,No Impact,No Impact,No Impact,No,No,No,No,No,Yes,Yes,No,Yes,Yes,Yes,Woman,19-20
2024/09/11 7:06:45 PM AST,CMP 101 Computer Information Literacy,Yes,No,No,No,No,No,No,No,No,No,No,No Impact,No Impact,No Impact,No Impact,No Impact,No Impact,No Impact,No Impact,No Impact,No Impact,No Impact,No,No,No,No,No,No,No,No,No,No,Yes,Woman,19-20
2024/09/11 8:16:57 PM AST,CMP 101 Computer Information Literacy,Yes,Yes,Yes,No,No,No,No,No,No,No,No,No Impact,Some Impact,High Impact,High Impact,Some Impact,Some Impact,Some Impact,High Impact,Some Impact,Some Impact,Some Impact,Yes,No,No,No,No,No,Yes,No,No,No,No,Woman,25-34
2024/09/12 9:34:01 AM AST,CMP 135 Computer Concepts with Applications,Yes,Yes,No,No,Yes,No,No,No,No,No,No,No Impact,No Impact,No Impact,No Impact,No Impact,No Impact,No Impact,No Impact,No Impact,No Impact,No Impact,No,No,No,No,No,No,No,No,Yes,No,No,Woman,21-24
2024/09/12 9:34:06 AM AST,CMP 135 Computer Concepts with Applications,Yes,Yes,No,No,Yes,No,No,No,No,No,No,No Impact,No Impact,No Impact,No Impact,No Impact,No Impact,No Impact,No Impact,No Impact,No Impact,No Impact,No,No,No,No,No,No,No,No,Yes,No,No,Woman,21-24
2024/09/12 10:29:04 AM AST,CMP 135 Computer Concepts with Applications,Yes,Yes,Yes,No,Yes,No,No,No,No,No,No,Some Impact,Some Impact,No Impact,No Impact,No Impact,No Impact,No Impact,No Impact,No Impact,No Impact,No Impact,No,No,No,No,No,No,Yes,No,No,No,No,Woman,21-24
2024/09/12 11:29:38 AM AST,CMP 135 Computer Concepts with Applications,Yes,No,Yes,No,Yes,No,No,No,No,No,No,No Impact,No Impact,No Impact,No Impact,No Impact,No Impact,No Impact,No Impact,No Impact,No Impact,No Impact,No,No,No,No,No,No,Yes,No,No,No,No,Non-binary,18 and younger
2024/09/12 11:30:15 AM AST,CMP 135 Computer Concepts with Applications,Yes,Yes,Yes,No,Yes,Yes,No,No,No,Yes,Yes,No Impact,No Impact,No Impact,No Impact,No Impact,No Impact,No Impact,Some Impact,Some Impact,No Impact,Some Impact,No,No,No,No,No,No,No,No,No,No,Yes,Man,19-20
2024/09/12 11:30:18 AM AST,CMP 135 Computer Concepts with Applications,Yes,Yes,Yes,No,No,Yes,No,No,No,No,No,No Impact,No Impact,No Impact,No Impact,No Impact,No Impact,No Impact,High Impact,Some Impact,No Impact,No Impact,No,No,No,No,No,No,Yes,No,Yes,Yes,Yes,Woman,18 and younger
2024/09/12 11:30:21 AM AST,CMP 135 Computer Concepts with Applications,Yes,Yes,No,No,No,Yes,No,No,Yes,Yes,No,No Impact,No Impact,No Impact,No Impact,No Impact,No Impact,No Impact,No Impact,No Impact,No Impact,No Impact,No,No,No,No,Yes,No,Yes,Yes,Yes,Yes,Yes,Man,18 and younger
2024/09/12 11:30:23 AM AST,CMP 135 Computer Concepts with Applications,Yes,Yes,Yes,Yes,Yes,No,No,No,No,No,No,No Impact,No Impact,No Impact,No Impact,No Impact,No Impact,No Impact,No Impact,No Impact,No Impact,No Impact,No,No,No,No,No,No,Yes,No,Yes,No,No,Woman,18 and younger
2024/09/12 11:30:37 AM AST,CMP 135 Computer Concepts with Applications,Yes,Yes,Yes,No,No,No,No,No,No,Yes,No,Some Impact,No Impact,No Impact,No Impact,No Impact,No Impact,No Impact,No Impact,No Impact,No Impact,No Impact,Yes,No,No,No,No,No,Yes,No,No,Yes,Yes,Man,19-20
2024/09/12 11:30:41 AM AST,CMP 135 Computer Concepts with Applications,Yes,No,No,No,No,No,No,No,No,No,No,No Impact,No Impact,No Impact,No Impact,No Impact,No Impact,No Impact,No Impact,No Impact,No Impact,No Impact,No,No,No,No,No,No,Yes,No,No,No,Yes,Woman,18 and younger
2024/09/12 11:30:44 AM AST,CMP 135 Computer Concepts with Applications,Yes,No,No,No,No,No,No,No,No,No,No,No Impact,No Impact,No Impact,No Impact,No Impact,No Impact,No Impact,High Impact,No Impact,No Impact,No Impact,No,No,No,No,No,No,Yes,No,No,No,No,Man,19-20
2024/09/12 11:30:59 AM AST,CMP 135 Computer Concepts with Applications,Yes,Yes,No,No,Yes,No,No,No,No,No,No,No Impact,No Impact,No Impact,No Impact,No Impact,No Impact,No Impact,No Impact,No Impact,No Impact,No Impact,No,No,No,No,No,No,No,No,No,No,Yes,Man,25-34
2024/09/12 11:31:09 AM AST,CMP 101 Computer Information Literacy,Yes,Yes,Yes,No,Yes,No,No,No,Yes,Yes,Yes,No Impact,No Impact,No Impact,No Impact,No Impact,No Impact,No Impact,No Impact,No Impact,No Impact,No Impact,No,No,No,No,No,No,Yes,No,No,No,No,Man,25-34
2024/09/12 11:31:20 AM AST,CMP 135 Computer Concepts with Applications,Yes,Yes,Yes,No,Yes,No,No,No,No,No,Yes,Some Impact,N/A,High Impact,N/A,N/A,N/A,Some Impact,N/A,N/A,N/A,N/A,Yes,No,No,No,No,No,No,No,Yes,No,Yes,Woman,19-20
2024/09/12 11:31:27 AM AST,CMP 135 Computer Concepts with Applications,Yes,Yes,Yes,No,No,No,No,No,No,Yes,Yes,No Impact,No Impact,No Impact,No Impact,No Impact,No Impact,No Impact,No Impact,No Impact,No Impact,Some Impact,No,No,No,No,No,No,Yes,No,No,No,No,Man,18 and younger
2024/09/12 11:31:56 AM AST,CMP 135 Computer Concepts with Applications,Yes,No,No,No,Yes,No,No,No,No,Yes,No,No Impact,No Impact,No Impact,No Impact,No Impact,No Impact,No Impact,No Impact,No Impact,No Impact,No Impact,No,No,No,No,No,No,Yes,No,Yes,Yes,Yes,Woman,19-20
2024/09/12 11:32:08 AM AST,CMP 135 Computer Concepts with Applications,Yes,Yes,Yes,No,Yes,No,No,No,Yes,Yes,Yes,No Impact,No Impact,No Impact,No Impact,No Impact,No Impact,No Impact,No Impact,No Impact,No Impact,No Impact,No,No,No,No,No,No,No,No,Yes,Yes,Yes,Man,19-20
2024/09/12 11:32:22 AM AST,CMP 135 Computer Concepts with Applications,Yes,Yes,Yes,Yes,Yes,No,Yes,No,Yes,Yes,Yes,No Impact,No Impact,No Impact,No Impact,No Impact,No Impact,No Impact,Some Impact,No Impact,No Impact,No Impact,Yes,No,No,No,No,No,Yes,No,Yes,No,Yes,Man,25-34
2024/09/12 11:32:31 AM AST,CMP 135 Computer Concepts with Applications,Yes,Yes,Yes,No,Yes,No,No,No,No,Yes,Yes,Some Impact,Some Impact,No Impact,No Impact,No Impact,No Impact,No Impact,No Impact,No Impact,No Impact,No Impact,No,Yes,No,No,No,No,Yes,No,Yes,No,Yes,Woman,21-24
2024/09/12 11:32:42 AM AST,CMP 135 Computer Concepts with Applications,Yes,Yes,No,No,Yes,Yes,No,No,No,No,No,Some Impact,No Impact,No Impact,No Impact,No Impact,No Impact,No Impact,Some Impact,Some Impact,No Impact,Some Impact,No,No,No,No,Yes,No,Yes,Yes,Yes,No,No,Woman,21-24
2024/09/12 11:32:44 AM AST,CMP 135 Computer Concepts with Applications,Yes,No,Yes,No,Yes,No,No,No,No,Yes,Yes,No Impact,N/A,Some Impact,N/A,N/A,N/A,N/A,Some Impact,Some Impact,Some Impact,Some Impact,Yes,No,No,No,Yes,No,Yes,Yes,Yes,No,Yes,Woman,18 and younger
2024/09/12 11:33:25 AM AST,CMP 135 Computer Concepts with Applications,Yes,Yes,Yes,No,Yes,No,No,No,Yes,Yes,Yes,Some Impact,High Impact,Some Impact,No Impact,No Impact,No Impact,No Impact,Some Impact,Some Impact,Some Impact,No Impact,Yes,No,No,No,Yes,Yes,Yes,No,No,No,Yes,Woman,18 and younger
2024/09/12 12:41:01 PM AST,CMP 101 Computer Information Literacy,Yes,Yes,Yes,Yes,Yes,Yes,No,No,Yes,No,Yes,No Impact,No Impact,No Impact,No Impact,No Impact,No Impact,No Impact,High Impact,High Impact,High Impact,High Impact,No,No,No,No,No,No,Yes,Yes,No,No,No,Man,35-64
2024/09/12 3:57:02 PM AST,CMP 101 Computer Information Literacy,No,Yes,Yes,No,Yes,No,No,No,No,Yes,Yes,No Impact,No Impact,No Impact,No Impact,No Impact,No Impact,No Impact,High Impact,Some Impact,No Impact,High Impact,No,No,No,No,No,No,Yes,No,Yes,No,No,Woman,21-24
2024/09/12 8:04:41 PM AST,CMP 135 Computer Concepts with Applications,Yes,Yes,Yes,Yes,Yes,Yes,Yes,No,Yes,Yes,Yes,Some Impact,No Impact,No Impact,No Impact,No Impact,No Impact,No Impact,No Impact,No Impact,No Impact,High Impact,Yes,No,No,No,No,No,Yes,Yes,No,Yes,Yes,Man,19-20
2024/09/12 8:04:45 PM AST,CMP 135 Computer Concepts with Applications,Yes,Yes,Yes,Yes,Yes,No,No,No,Yes,Yes,Yes,No Impact,No Impact,No Impact,No Impact,No Impact,No Impact,No Impact,No Impact,No Impact,No Impact,No Impact,Yes,No,No,No,No,No,Yes,No,No,Yes,Yes,Man,21-24
2024/09/12 8:04:48 PM AST,CMP 135 Computer Concepts with Applications,Yes,No,No,No,No,No,No,No,No,No,No,No Impact,No Impact,No Impact,No Impact,No Impact,No Impact,No Impact,No Impact,No Impact,No Impact,No Impact,No,No,No,No,No,No,No,No,No,No,Yes,Man,19-20
2024/09/12 8:04:56 PM AST,CMP 135 Computer Concepts with Applications,No,Yes,Yes,No,Yes,No,No,No,Yes,Yes,Yes,Some Impact,No Impact,Some Impact,Some Impact,High Impact,No Impact,No Impact,Some Impact,No Impact,No Impact,No Impact,Yes,No,No,No,No,No,Yes,No,Yes,No,Yes,Woman,19-20
2024/09/12 8:05:15 PM AST,CMP 135 Computer Concepts with Applications,Yes,No,No,Yes,Yes,Yes,No,No,Yes,Yes,No,No Impact,No Impact,No Impact,No Impact,No Impact,No Impact,No Impact,No Impact,No Impact,No Impact,No Impact,No,No,No,No,No,No,No,No,No,No,Yes,Woman,19-20
2024/09/12 8:05:28 PM AST,CMP 135 Computer Concepts with Applications,Yes,Yes,Yes,No,Yes,Yes,Yes,No,No,Yes,Yes,No Impact,Some Impact,No Impact,No Impact,No Impact,No Impact,No Impact,Some Impact,High Impact,No Impact,High Impact,Yes,No,No,No,Yes,Yes,Yes,No,No,No,Yes,Woman,21-24
2024/09/12 8:05:31 PM AST,CMP 135 Computer Concepts with Applications,Yes,Yes,No,No,Yes,No,No,No,No,No,No,N/A,N/A,N/A,N/A,N/A,N/A,N/A,High Impact,High Impact,N/A,N/A,Yes,No,No,No,Yes,No,Yes,No,Yes,Yes,Yes,Woman,18 and younger
2024/09/12 8:05:34 PM AST,CMP 135 Computer Concepts with Applications,Yes,No,No,No,Yes,No,No,No,No,No,Yes,No Impact,No Impact,No Impact,No Impact,No Impact,No Impact,No Impact,Some Impact,No Impact,No Impact,No Impact,Yes,No,No,No,Yes,Yes,Yes,No,Yes,No,Yes,Woman,19-20
2024/09/12 8:05:42 PM AST,CMP 135 Computer Concepts with Applications,Yes,Yes,Yes,No,Yes,No,No,No,No,No,No,No Impact,No Impact,No Impact,No Impact,No Impact,No Impact,Some Impact,Some Impact,No Impact,Some Impact,No Impact,No,No,No,No,No,No,Yes,No,Yes,No,Yes,Woman,18 and younger
2024/09/12 8:05:49 PM AST,CMP 135 Computer Concepts with Applications,Yes,Yes,Yes,Yes,Yes,No,No,No,No,Yes,Yes,No Impact,No Impact,No Impact,No Impact,No Impact,No Impact,No Impact,No Impact,No Impact,No Impact,No Impact,Yes,No,No,No,No,No,No,No,No,No,No,Woman,25-34
2024/09/12 8:06:05 PM AST,CMP 135 Computer Concepts with Applications,Yes,Yes,Yes,No,Yes,No,No,No,No,Yes,Yes,Some Impact,Some Impact,N/A,N/A,N/A,N/A,N/A,N/A,N/A,N/A,High Impact,No,No,No,No,No,No,Yes,No,No,No,No,Woman,21-24
2024/09/12 8:06:11 PM AST,CMP 135 Computer Concepts with Applications,Yes,Yes,Yes,Yes,Yes,No,No,No,No,No,No,Some Impact,Some Impact,N/A,N/A,N/A,N/A,N/A,N/A,N/A,N/A,N/A,No,No,No,No,No,No,Yes,No,Yes,No,No,Woman,21-24
2024/09/12 8:06:14 PM AST,CMP 101 Computer Information Literacy,Yes,Yes,Yes,No,Yes,No,No,No,Yes,Yes,Yes,High Impact,No Impact,No Impact,No Impact,No Impact,No Impact,No Impact,High Impact,High Impact,No Impact,No Impact,No,No,No,No,Yes,Yes,Yes,No,Yes,Yes,Yes,Man,19-20
2024/09/12 8:06:56 PM AST,CMP 135 Computer Concepts with Applications,Yes,Yes,Yes,No,Yes,No,No,No,No,No,Yes,High Impact,High Impact,Some Impact,High Impact,No Impact,No Impact,No Impact,High Impact,Some Impact,High Impact,No Impact,No,No,No,No,No,No,Yes,No,No,Yes,No,Woman,19-20
2024/09/12 8:08:51 PM AST,CMP 135 Computer Concepts with Applications,Yes,Yes,Yes,No,Yes,No,No,No,No,No,No,No Impact,No Impact,No Impact,No Impact,No Impact,No Impact,No Impact,No Impact,No Impact,No Impact,No Impact,No,No,No,No,No,No,No,Yes,No,No,No,Man,19-20
2024/09/12 8:15:35 PM AST,CMP 101 Computer Information Literacy,Yes,Yes,Yes,Yes,Yes,Yes,No,No,No,Yes,Yes,High Impact,N/A,No Impact,No Impact,No Impact,No Impact,No Impact,Some Impact,No Impact,No Impact,No Impact,Yes,No,No,No,Yes,Yes,Yes,Yes,No,No,Yes,Woman,19-20
2024/09/14 9:28:21 PM AST,CMP 135 Computer Concepts with Applications,Yes,Yes,No,No,Yes,No,No,No,No,Yes,Yes,No Impact,No Impact,No Impact,No Impact,No Impact,No Impact,No Impact,No Impact,No Impact,No Impact,No Impact,Yes,No,No,No,No,Yes,No,No,No,No,No,Woman,25-34
2024/09/15 2:58:37 PM AST,CMP 126 Computer Technology and Applications,Yes,Yes,Yes,No,Yes,No,No,No,No,No,No,No Impact,No Impact,No Impact,No Impact,No Impact,No Impact,No Impact,No Impact,No Impact,No Impact,No Impact,No,No,No,No,No,No,Yes,No,No,No,No,Man,19-20
2024/09/16 12:12:48 PM AST,CMP 101 Computer Information Literacy,Yes,No,No,No,Yes,No,No,No,No,No,No,Some Impact,Some Impact,Some Impact,Some Impact,Some Impact,Some Impact,Some Impact,Some Impact,Some Impact,Some Impact,Some Impact,No,No,No,No,No,No,No,Yes,No,Yes,No,Man,35-64
2024/09/16 12:33:11 PM AST,CMP 126 Computer Technology and Applications,Yes,Yes,No,No,Yes,No,No,No,No,Yes,No,Some Impact,No Impact,No Impact,No Impact,No Impact,No Impact,No Impact,Some Impact,No Impact,No Impact,No Impact,No,No,No,No,No,No,No,No,No,Yes,Yes,Woman,19-20
2024/09/16 4:07:09 PM AST,CMP 101 Computer Information Literacy,No,Yes,No,No,No,No,No,No,No,Yes,Yes,No Impact,No Impact,No Impact,No Impact,No Impact,No Impact,No Impact,No Impact,No Impact,No Impact,No Impact,Yes,No,No,No,No,No,No,No,No,No,No,Woman,25-34
2024/09/16 10:12:54 PM AST,CMP 101 Computer Information Literacy,Yes,Yes,Yes,No,Yes,No,No,No,No,Yes,Yes,Some Impact,N/A,Some Impact,N/A,Some Impact,N/A,N/A,High Impact,High Impact,Some Impact,Some Impact,Yes,Yes,No,No,Yes,Yes,Yes,Yes,No,No,Yes,Woman,18 and younger
2024/09/17 7:53:12 AM AST,CMP 126 Computer Technology and Applications,Yes,Yes,No,No,Yes,Yes,No,No,Yes,Yes,Yes,Some Impact,No Impact,No Impact,No Impact,No Impact,No Impact,No Impact,Some Impact,No Impact,No Impact,Some Impact,No,No,No,No,No,No,Yes,No,Yes,Yes,Yes,Man,19-20
2024/09/18 12:06:47 PM AST,CMP 126 Computer Technology and Applications,Yes,Yes,Yes,Yes,Yes,Yes,Yes,No,No,No,Yes,High Impact,No Impact,High Impact,No Impact,No Impact,No Impact,No Impact,High Impact,High Impact,N/A,N/A,Yes,Yes,No,No,Yes,No,Yes,No,No,No,Yes,Man,21-24
2024/09/18 2:57:56 PM AST,CMP 135 Computer Concepts with Applications,Yes,Yes,No,No,Yes,No,No,No,No,No,No,High Impact,N/A,N/A,N/A,N/A,High Impact,N/A,Some Impact,N/A,N/A,N/A,No,Yes,No,No,No,No,Yes,No,No,No,Yes,Woman,19-20
2024/09/18 4:12:53 PM AST,CMP 101 Computer Information Literacy,Yes,Yes,Yes,No,Yes,Yes,Yes,No,Yes,Yes,Yes,Some Impact,Some Impact,No Impact,No Impact,No Impact,Some Impact,No Impact,Some Impact,No Impact,No Impact,Some Impact,No,No,No,No,Yes,No,Yes,Yes,Yes,No,No,Woman,21-24
2024/09/19 9:12:47 AM AST,CMP 126 Computer Technology and Applications,Yes,No,No,No,No,No,No,No,No,No,No,No Impact,No Impact,No Impact,No Impact,No Impact,No Impact,No Impact,No Impact,No Impact,No Impact,No Impact,No,No,No,No,No,No,No,No,Yes,No,No,Prefer not to say,19-20
2024/09/19 9:15:33 AM AST,CMP 126 Computer Technology and Applications,Yes,Yes,Yes,No,No,No,No,No,No,No,No,Some Impact,No Impact,No Impact,No Impact,No Impact,No Impact,No Impact,No Impact,No Impact,No Impact,No Impact,No,No,No,No,No,No,Yes,No,Yes,Yes,Yes,Woman,19-20
2024/09/19 9:21:51 AM AST,CMP 135 Computer Concepts with Applications,Yes,Yes,No,No,Yes,No,No,No,No,Yes,Yes,Some Impact,No Impact,N/A,N/A,N/A,N/A,N/A,N/A,N/A,N/A,N/A,Yes,No,No,No,No,No,Yes,No,No,No,No,Woman,25-34
2024/09/19 9:34:15 AM AST,CMP 126 Computer Technology and Applications,No,Yes,Yes,Yes,No,No,No,Yes,No,Yes,Yes,No Impact,No Impact,No Impact,No Impact,No Impact,No Impact,No Impact,No Impact,No Impact,No Impact,No Impact,No,No,No,No,No,No,Yes,No,Yes,No,No,Man,25-34
2024/09/19 9:49:38 AM AST,CMP 135 Computer Concepts with Applications,Yes,Yes,Yes,No,Yes,Yes,No,No,No,Yes,No,No Impact,No Impact,No Impact,No Impact,No Impact,No Impact,No Impact,Some Impact,Some Impact,No Impact,High Impact,No,No,No,No,Yes,Yes,Yes,No,No,No,Yes,Man,19-20
2024/09/19 10:20:11 AM AST,CMP 126 Computer Technology and Applications,Yes,Yes,No,No,Yes,No,No,No,No,No,No,No Impact,No Impact,No Impact,No Impact,No Impact,No Impact,No Impact,No Impact,No Impact,No Impact,No Impact,No,Yes,No,No,Yes,No,Yes,No,Yes,No,Yes,Woman,19-20
2024/09/19 10:58:08 AM AST,CMP 126 Computer Technology and Applications,No,Yes,Yes,Yes,Yes,Yes,No,No,No,Yes,Yes,High Impact,N/A,N/A,N/A,N/A,N/A,N/A,N/A,N/A,N/A,N/A,No,No,No,No,No,No,Yes,No,No,Yes,Yes,Man,19-20
2024/09/19 11:18:36 AM AST,CMP 101 Computer Information Literacy,Yes,No,No,No,No,No,No,No,No,No,No,No Impact,No Impact,No Impact,No Impact,No Impact,No Impact,No Impact,No Impact,No Impact,No Impact,No Impact,Yes,No,No,No,No,No,Yes,No,No,No,Yes,Woman,18 and younger
2024/09/19 11:20:18 AM AST,CMP 126 Computer Technology and Applications,Yes,Yes,Yes,No,Yes,Yes,No,No,No,Yes,No,High Impact,No Impact,No Impact,No Impact,No Impact,No Impact,No Impact,Some Impact,No Impact,High Impact,Some Impact,Yes,No,No,No,Yes,Yes,Yes,No,Yes,No,Yes,Woman,19-20
2024/09/19 11:40:21 AM AST,CMP 126 Computer Technology and Applications,Yes,Yes,No,No,No,No,No,No,No,No,Yes,No Impact,No Impact,No Impact,No Impact,No Impact,No Impact,No Impact,No Impact,No Impact,No Impact,No Impact,Yes,No,No,No,No,Yes,Yes,No,No,No,Yes,Woman,19-20
2024/09/19 12:15:33 PM AST,CMP 126 Computer Technology and Applications,Yes,No,No,No,No,No,No,No,No,No,No,No Impact,No Impact,No Impact,No Impact,No Impact,No Impact,No Impact,No Impact,No Impact,No Impact,High Impact,No,No,No,No,No,No,Yes,No,No,No,Yes,Woman,19-20
2024/09/19 12:35:00 PM AST,CMP 101 Computer Information Literacy,Yes,Yes,No,No,Yes,No,No,No,Yes,Yes,Yes,Some Impact,N/A,N/A,N/A,N/A,N/A,N/A,N/A,N/A,N/A,N/A,No,No,No,No,No,No,Yes,No,Yes,Yes,No,Woman,21-24
2024/09/19 1:14:32 PM AST,CMP 135 Computer Concepts with Applications,Yes,Yes,Yes,No,No,No,No,No,No,Yes,Yes,Some Impact,N/A,N/A,N/A,N/A,N/A,N/A,N/A,N/A,Some Impact,No Impact,Yes,No,No,No,Yes,No,No,No,Yes,No,Yes,Woman,21-24
2024/09/19 2:00:30 PM AST,CMP 126 Computer Technology and Applications,Yes,Yes,No,No,No,No,No,No,No,Yes,Yes,No Impact,No Impact,No Impact,No Impact,No Impact,No Impact,No Impact,No Impact,No Impact,No Impact,No Impact,No,Yes,No,No,Yes,No,Yes,No,Yes,Yes,Yes,Woman,19-20
2024/09/19 8:00:55 PM AST,CMP 101 Computer Information Literacy,Yes,No,No,No,Yes,No,No,No,No,Yes,Yes,No Impact,No Impact,No Impact,No Impact,No Impact,No Impact,No Impact,No Impact,No Impact,No Impact,No Impact,Yes,No,No,No,Yes,Yes,Yes,No,Yes,No,Yes,Woman,19-20
2024/09/19 8:41:25 PM AST,CMP 101 Computer Information Literacy,Yes,Yes,Yes,Yes,Yes,Yes,Yes,No,No,Yes,Yes,Some Impact,Some Impact,Some Impact,Some Impact,Some Impact,Some Impact,Some Impact,Some Impact,Some Impact,Some Impact,Some Impact,Yes,No,No,No,Yes,No,Yes,Yes,Yes,Yes,Yes,Man,35-64
2024/09/19 8:44:52 PM AST,CMP 101 Computer Information Literacy,No,No,No,No,No,No,No,No,No,No,No,Some Impact,Some Impact,Some Impact,Some Impact,Some Impact,Some Impact,Some Impact,Some Impact,Some Impact,Some Impact,Some Impact,Yes,No,No,No,No,No,No,Yes,Yes,Yes,Yes,Man,35-64
2024/09/19 8:59:39 PM AST,CMP 126 Computer Technology and Applications,Yes,No,No,No,No,No,No,No,No,No,No,N/A,N/A,N/A,N/A,N/A,N/A,N/A,N/A,N/A,N/A,N/A,No,No,No,No,No,No,Yes,No,No,No,Yes,Woman,19-20
2024/09/19 9:13:35 PM AST,CMP 126 Computer Technology and Applications,Yes,Yes,Yes,No,Yes,No,No,No,No,Yes,No,No Impact,No Impact,No Impact,No Impact,No Impact,No Impact,No Impact,No Impact,No Impact,No Impact,No Impact,Yes,Yes,No,No,No,No,Yes,No,Yes,No,Yes,Woman,25-34
2024/09/19 9:53:02 PM AST,CMP 126 Computer Technology and Applications,Yes,Yes,Yes,No,Yes,No,No,No,No,Yes,No,No Impact,No Impact,No Impact,No Impact,No Impact,No Impact,No Impact,No Impact,No Impact,No Impact,No Impact,Yes,No,No,No,Yes,No,No,No,No,No,No,Woman,35-64
2024/09/19 9:54:19 PM AST,CMP 126 Computer Technology and Applications,Yes,No,No,Yes,Yes,No,No,No,No,No,No,No Impact,No Impact,No Impact,No Impact,No Impact,No Impact,No Impact,No Impact,No Impact,No Impact,High Impact,No,No,No,No,No,No,No,No,No,No,Yes,Man,21-24
2024/09/19 10:34:09 PM AST,CMP 126 Computer Technology and Applications,Yes,Yes,Yes,No,Yes,Yes,Yes,Yes,Yes,Yes,Yes,Some Impact,Some Impact,Some Impact,No Impact,Some Impact,Some Impact,Some Impact,No Impact,No Impact,No Impact,High Impact,No,No,No,No,No,No,Yes,No,No,No,Yes,Man,19-20
2024/09/19 10:34:24 PM AST,CMP 126 Computer Technology and Applications,Yes,No,No,No,No,No,No,No,No,No,No,No Impact,No Impact,No Impact,No Impact,No Impact,No Impact,No Impact,No Impact,No Impact,No Impact,No Impact,Yes,No,No,No,Yes,No,Yes,Yes,Yes,Yes,Yes,Woman,19-20
2024/09/20 8:24:27 AM AST,CMP 126 Computer Technology and Applications,Yes,No,Yes,No,Yes,No,No,No,No,No,No,No Impact,N/A,No Impact,No Impact,No Impact,No Impact,No Impact,N/A,No Impact,N/A,No Impact,Yes,No,No,No,No,No,Yes,No,Yes,Yes,Yes,Woman,19-20
2024/09/20 3:12:26 PM AST,CMP 126 Computer Technology and Applications,Yes,No,No,No,No,No,No,No,No,No,No,N/A,N/A,N/A,N/A,N/A,N/A,N/A,N/A,N/A,N/A,N/A,Yes,No,No,No,No,No,No,No,No,No,No,Woman,35-64
2024/09/20 8:42:54 PM AST,CMP 126 Computer Technology and Applications,Yes,Yes,Yes,Yes,Yes,Yes,Yes,Yes,Yes,Yes,Yes,N/A,N/A,N/A,N/A,N/A,N/A,N/A,N/A,N/A,N/A,N/A,No,No,No,No,Yes,No,Yes,Yes,Yes,No,No,Woman,25-34
2024/09/20 10:55:34 PM AST,CMP 101 Computer Information Literacy,Yes,Yes,Yes,Yes,No,No,No,No,No,No,Yes,Some Impact,Some Impact,No Impact,No Impact,Some Impact,Some Impact,High Impact,Some Impact,Some Impact,High Impact,No Impact,No,No,No,No,No,No,Yes,No,No,No,No,Woman,21-24
2024/09/20 11:02:45 PM AST,CMP 126 Computer Technology and Applications,Yes,Yes,Yes,No,Yes,Yes,No,No,No,Yes,Yes,No Impact,Some Impact,No Impact,No Impact,No Impact,No Impact,No Impact,Some Impact,Some Impact,Some Impact,Some Impact,No,No,No,No,No,No,Yes,No,Yes,Yes,No,Woman,19-20
2024/09/20 11:07:16 PM AST,CMP 126 Computer Technology and Applications,Yes,No,No,No,Yes,No,No,No,No,No,No,No Impact,No Impact,No Impact,No Impact,No Impact,No Impact,No Impact,No Impact,No Impact,No Impact,No Impact,No,No,No,No,No,Yes,Yes,No,No,No,No,Woman,19-20
2024/09/21 5:06:23 PM AST,CMP 101 Computer Information Literacy,No,Yes,No,No,No,No,No,No,No,No,Yes,High Impact,Some Impact,Some Impact,No Impact,No Impact,No Impact,No Impact,Some Impact,No Impact,No Impact,No Impact,Yes,No,No,No,No,Yes,Yes,No,Yes,No,Yes,Man,19-20
2024/09/22 10:08:19 PM AST,CMP 126 Computer Technology and Applications,Yes,Yes,Yes,No,Yes,No,No,No,No,Yes,Yes,Some Impact,Some Impact,No Impact,No Impact,No Impact,No Impact,No Impact,No Impact,No Impact,No Impact,No Impact,Yes,No,No,No,Yes,No,Yes,Yes,Yes,No,No,Woman,21-24
